what,kind,bundleId,bundleVersion,description,time
started,bundle,org.eclipse.ui.workbench.texteditor,3.6.1.r361_v20100714-0800,"org.eclipse.ui.workbench.texteditor",1336157372387
started,bundle,org.eclipse.update.configurator,3.3.100.v20100512,"org.eclipse.update.configurator",1336157372388
started,bundle,org.eclipse.update.core,3.2.402.R36x_v20100629,"org.eclipse.update.core",1336157372388
started,bundle,org.eclipse.update.scheduler,3.2.300.v20100512,"org.eclipse.update.scheduler",1336157372389
started,bundle,org.eclipse.wst.common.emf,1.2.1.v201008260500,"org.eclipse.wst.common.emf",1336157372389
started,bundle,org.eclipse.wst.common.emfworkbench.integration,1.2.2.v201008242000,"org.eclipse.wst.common.emfworkbench.integration",1336157372390
started,bundle,org.eclipse.wst.common.frameworks,1.2.0.v201003040800,"org.eclipse.wst.common.frameworks",1336157372390
started,bundle,org.eclipse.wst.common.project.facet.core,1.4.102.v201008170019,"org.eclipse.wst.common.project.facet.core",1336157372391
started,bundle,org.eclipse.wst.jsdt.core,1.1.2.v201009011528,"org.eclipse.wst.jsdt.core",1336157372391
started,bundle,org.eclipse.wst.jsdt.manipulation,1.0.200.v201004150600,"org.eclipse.wst.jsdt.manipulation",1336157372392
started,bundle,org.eclipse.wst.jsdt.ui,1.1.2.v201009010353,"org.eclipse.wst.jsdt.ui",1336157372394
started,bundle,org.eclipse.wst.server.core,1.1.204.v20100908,"org.eclipse.wst.server.core",1336157372395
started,bundle,org.eclipse.wst.server.ui,1.1.205.v20100908,"org.eclipse.wst.server.ui",1336157372395
started,bundle,org.eclipse.wst.web,1.1.401.v201007151900,"org.eclipse.wst.web",1336157372395
started,bundle,com.perforce.team.core,2010.1.275861,"com.perforce.team.core",1336157372395
started,bundle,com.perforce.team.ui,2010.1.275861,"com.perforce.team.ui",1336157372396
os,sysinfo,,,"win32",1336157372399
arch,sysinfo,,,"x86_64",1336157372399
ws,sysinfo,,,"win32",1336157372399
locale,sysinfo,,,"en_US",1336157372399
processors,sysinfo,,,"4",1336157372399
java.runtime.name,sysinfo,,,"Java(TM) SE Runtime Environment",1336157372399
java.runtime.version,sysinfo,,,"1.6.0_27-b07",1336157372399
java.specification.name,sysinfo,,,"Java Platform API Specification",1336157372399
java.specification.vendor,sysinfo,,,"Sun Microsystems Inc.",1336157372399
java.specification.version,sysinfo,,,"1.6",1336157372399
java.vendor,sysinfo,,,"Sun Microsystems Inc.",1336157372399
java.version,sysinfo,,,"1.6.0_27",1336157372399
java.vm.info,sysinfo,,,"mixed mode",1336157372399
java.vm.name,sysinfo,,,"Java HotSpot(TM) 64-Bit Server VM",1336157372399
java.vm.specification.name,sysinfo,,,"Java Virtual Machine Specification",1336157372399
java.vm.specification.vendor,sysinfo,,,"Sun Microsystems Inc.",1336157372399
java.vm.specification.version,sysinfo,,,"1.0",1336157372399
java.vm.vendor,sysinfo,,,"Sun Microsystems Inc.",1336157372399
java.vm.version,sysinfo,,,"20.2-b06",1336157372399
started,bundle,org.eclipse.wst.common.project.facet.ui,1.4.102.v201008170019,"org.eclipse.wst.common.project.facet.ui",1336157380235
started,bundle,org.eclipse.wst.common.core,1.2.0.v200908252030,"org.eclipse.wst.common.core",1336157380280
started,bundle,org.eclipse.wst.common.modulecore,1.2.3.v201008242000,"org.eclipse.wst.common.modulecore",1336157380284
started,bundle,org.eclipse.wst.web.ui,1.1.400.v201004141630,"org.eclipse.wst.web.ui",1336157380285
started,bundle,org.eclipse.jst.servlet.ui,1.1.402.v201008261918,"org.eclipse.jst.servlet.ui",1336157380285
started,bundle,org.eclipse.jst.common.project.facet.core,1.4.102.v201008182136,"org.eclipse.jst.common.project.facet.core",1336157380312
started,bundle,org.eclipse.jst.ws.jaxrs.core,1.0.200.v201008201800,"org.eclipse.jst.ws.jaxrs.core",1336157380314
started,bundle,org.eclipse.jdt.launching,3.5.100.v20100526,"org.eclipse.jdt.launching",1336157380351
started,bundle,org.eclipse.jst.j2ee.core,1.2.2.v201008120100,"org.eclipse.jst.j2ee.core",1336157380383
started,bundle,org.eclipse.jem,2.0.400.v201005110200,"org.eclipse.jem",1336157380393
started,bundle,org.eclipse.wst.common.frameworks.ui,1.2.0.v201004080500,"org.eclipse.wst.common.frameworks.ui",1336157380405
started,bundle,org.eclipse.wst.xml.core,1.1.502.v201009010342,"org.eclipse.wst.xml.core",1336157380407
started,bundle,org.eclipse.wst.validation,1.2.200.v201005271900,"org.eclipse.wst.validation",1336157380414
started,bundle,org.eclipse.jst.j2ee,1.1.402.v201009151730,"org.eclipse.jst.j2ee",1336157380427
started,bundle,org.eclipse.jst.j2ee.web,1.1.402.v201008242000,"org.eclipse.jst.j2ee.web",1336157380429
started,bundle,org.eclipse.jst.common.frameworks,1.1.402.v201009081300,"org.eclipse.jst.common.frameworks",1336157380438
started,bundle,org.eclipse.jst.j2ee.ui,1.1.402.v201009080200,"org.eclipse.jst.j2ee.ui",1336157380474
started,bundle,org.eclipse.jst.common.project.facet.ui,1.4.102.v201008182136,"org.eclipse.jst.common.project.facet.ui",1336157380539
deactivated,workbench,org.eclipse.ui.workbench,3.6.1.M20100826-1330,"",1336157380589
started,bundle,org.eclipse.jst.server.core,1.2.101.v20100421,"org.eclipse.jst.server.core",1336157392184
started,bundle,org.eclipse.jst.server.tomcat.core,1.1.202.v20100818b,"org.eclipse.jst.server.tomcat.core",1336157392187
started,bundle,org.eclipse.jst.server.tomcat.ui,1.1.200.v20100418,"org.eclipse.jst.server.tomcat.ui",1336157392194
started,bundle,org.eclipse.jst.server.generic.core,1.0.606.v20100512,"org.eclipse.jst.server.generic.core",1336157429434
started,bundle,org.eclipse.jst.server.generic.ui,1.0.505.v20100428,"org.eclipse.jst.server.generic.ui",1336157429601
activated,workbench,org.eclipse.ui.workbench,3.6.1.M20100826-1330,"",1336157531773
closed,workbench,org.eclipse.ui.workbench,3.6.1.M20100826-1330,"",1336157533813
started,bundle,org.eclipse.compare,3.5.100.I20100526-0800,"org.eclipse.compare",1336157533953
stopped,bundle,org.eclipse.jst.j2ee.xdoclet.runtime,1.1.300.v201004280700,"org.eclipse.jst.j2ee.xdoclet.runtime",1336157534098
stopped,bundle,org.eclipse.jst.j2ee.ejb.annotations.xdoclet,1.2.100.v201003112036,"org.eclipse.jst.j2ee.ejb.annotations.xdoclet",1336157534099
stopped,bundle,org.eclipse.jst.server.generic.jboss,1.6.1.v200904151730,"org.eclipse.jst.server.generic.jboss",1336157534099
stopped,bundle,org.eclipse.jst.server.generic.jonas,1.5.205.v200805140145,"org.eclipse.jst.server.generic.jonas",1336157534100
stopped,bundle,org.eclipse.jst.server.generic.oc4j,1.5.206.v20090812,"org.eclipse.jst.server.generic.oc4j",1336157534101
stopped,bundle,org.eclipse.jst.server.websphere.core,1.0.302.v20080620,"org.eclipse.jst.server.websphere.core",1336157534102
stopped,bundle,org.eclipse.jst.server.generic.ui,1.0.505.v20100428,"org.eclipse.jst.server.generic.ui",1336157534102
stopped,bundle,org.eclipse.jst.server.generic.core,1.0.606.v20100512,"org.eclipse.jst.server.generic.core",1336157534102
stopped,bundle,org.eclipse.mylyn.ide.ant,3.4.0.v20100608-0100-e3x,"org.eclipse.mylyn.ide.ant",1336157534103
stopped,bundle,org.eclipse.datatools.connectivity.oda.template.ui,3.2.1.v201004090942,"org.eclipse.datatools.connectivity.oda.template.ui",1336157534104
stopped,bundle,org.eclipse.pde.api.tools.ui,1.0.201.v20100820_r361,"org.eclipse.pde.api.tools.ui",1336157534105
stopped,bundle,org.eclipse.pde.ds.ui,1.0.100.v20100601,"org.eclipse.pde.ds.ui",1336157534106
stopped,bundle,org.eclipse.pde.runtime,3.4.200.v20100601,"org.eclipse.pde.runtime",1336157534107
stopped,bundle,org.eclipse.pde.ua.ui,1.0.100.v20100504,"org.eclipse.pde.ua.ui",1336157534108
stopped,bundle,org.eclipse.pde.ui.templates,3.4.200.v20100601,"org.eclipse.pde.ui.templates",1336157534110
stopped,bundle,org.eclipse.pde.ui,3.6.1.v20100810_r361,"org.eclipse.pde.ui",1336157534112
stopped,bundle,org.eclipse.ant.ui,3.5.0.v20100427,"org.eclipse.ant.ui",1336157534113
stopped,bundle,org.eclipse.ant.launching,1.0.0.v20100427,"org.eclipse.ant.launching",1336157534114
stopped,bundle,org.eclipse.compare.win32,1.0.100.I20100505-1245,"org.eclipse.compare.win32",1336157534115
stopped,bundle,org.eclipse.equinox.p2.ui.sdk,1.0.100.v20100513,"org.eclipse.equinox.p2.ui.sdk",1336157534116
stopped,bundle,org.eclipse.jst.server.tomcat.ui,1.1.200.v20100418,"org.eclipse.jst.server.tomcat.ui",1336157534116
stopped,bundle,org.eclipse.jst.server.ui,1.1.101.v20100823b,"org.eclipse.jst.server.ui",1336157534116
stopped,bundle,org.eclipse.mylyn.java.tasks,3.4.0.v20100608-0100-e3x,"org.eclipse.mylyn.java.tasks",1336157534117
stopped,bundle,org.eclipse.mylyn.java.ui,3.4.0.v20100608-0100-e3x,"org.eclipse.mylyn.java.ui",1336157534118
stopped,bundle,org.eclipse.jdt.junit,3.6.1.r361_v20100825-0800,"org.eclipse.jdt.junit",1336157534119
stopped,bundle,org.eclipse.jpt.eclipselink.ui,1.3.0.v201004280001,"org.eclipse.jpt.eclipselink.ui",1336157534120
stopped,bundle,org.eclipse.jpt.eclipselink.core,1.3.1.v201007142310,"org.eclipse.jpt.eclipselink.core",1336157534122
stopped,bundle,org.eclipse.jpt.jaxb.ui,1.0.1.v201006300000,"org.eclipse.jpt.jaxb.ui",1336157534122
stopped,bundle,org.eclipse.jpt.ui,2.3.2.v201008252310,"org.eclipse.jpt.ui",1336157534132
stopped,bundle,org.eclipse.jpt.core,2.3.2.v201008252310,"org.eclipse.jpt.core",1336157534146
activated,perspective,org.eclipse.jst.j2ee.ui,,"org.eclipse.jst.j2ee.J2EEPerspective",1336157612934
started,bundle,org.eclipse.osgi,3.6.1.R36x_v20100806,"org.eclipse.osgi",1336157612937
started,bundle,org.eclipse.equinox.simpleconfigurator,1.0.200.v20100503,"org.eclipse.equinox.simpleconfigurator",1336157612939
started,bundle,com.ibm.icu,4.2.1.v20100412,"com.ibm.icu",1336157612941
started,bundle,org.eclipse.core.contenttype,3.4.100.v20100505-1235,"org.eclipse.core.contenttype",1336157612942
started,bundle,org.eclipse.core.databinding.observable,1.3.0.I20100601-0800,"org.eclipse.core.databinding.observable",1336157612944
started,bundle,org.eclipse.core.expressions,3.4.200.v20100505,"org.eclipse.core.expressions",1336157612945
started,bundle,org.eclipse.core.filebuffers,3.5.100.v20100520-0800,"org.eclipse.core.filebuffers",1336157612947
started,bundle,org.eclipse.core.filesystem,1.3.1.R36x_v20100727-0745,"org.eclipse.core.filesystem",1336157612948
started,bundle,org.eclipse.core.jobs,3.5.1.R36x_v20100824,"org.eclipse.core.jobs",1336157612949
started,bundle,org.eclipse.core.net,1.2.100.I20100511-0800,"org.eclipse.core.net",1336157612952
started,bundle,org.eclipse.core.resources,3.6.0.R36x_v20100825-0600,"org.eclipse.core.resources",1336157612953
started,bundle,org.eclipse.core.runtime,3.6.0.v20100505,"org.eclipse.core.runtime",1336157612953
started,bundle,org.eclipse.core.runtime.compatibility,3.2.100.v20100505,"org.eclipse.core.runtime.compatibility",1336157612954
started,bundle,org.eclipse.core.runtime.compatibility.auth,3.2.200.v20100517,"org.eclipse.core.runtime.compatibility.auth",1336157612954
started,bundle,org.eclipse.debug.core,3.6.0.v20100519,"org.eclipse.debug.core",1336157612957
started,bundle,org.eclipse.emf.common,2.6.0.v20100914-1218,"org.eclipse.emf.common",1336157612958
started,bundle,org.eclipse.emf.common.ui,2.6.0.v20100914-1218,"org.eclipse.emf.common.ui",1336157612959
started,bundle,org.eclipse.emf.ecore,2.6.1.v20100914-1218,"org.eclipse.emf.ecore",1336157612961
started,bundle,org.eclipse.emf.ecore.xmi,2.5.0.v20100521-1846,"org.eclipse.emf.ecore.xmi",1336157612962
started,bundle,org.eclipse.emf.edit,2.6.0.v20100914-1218,"org.eclipse.emf.edit",1336157612962
started,bundle,org.eclipse.emf.edit.ui,2.6.0.v20100914-1218,"org.eclipse.emf.edit.ui",1336157612963
started,bundle,org.eclipse.epp.usagedata.gathering,1.3.0.R201005261100,"org.eclipse.epp.usagedata.gathering",1336157612964
started,bundle,org.eclipse.epp.usagedata.recording,1.3.0.R201005261100,"org.eclipse.epp.usagedata.recording",1336157612964
started,bundle,org.eclipse.equinox.app,1.3.1.R36x_v20100803,"org.eclipse.equinox.app",1336157612965
started,bundle,org.eclipse.equinox.common,3.6.0.v20100503,"org.eclipse.equinox.common",1336157612966
started,bundle,org.eclipse.equinox.ds,1.2.1.R36x_v20100803,"org.eclipse.equinox.ds",1336157612967
started,bundle,org.eclipse.equinox.event,1.2.0.v20100503,"org.eclipse.equinox.event",1336157612967
started,bundle,org.eclipse.equinox.p2.core,2.0.2.R36x_v20100804,"org.eclipse.equinox.p2.core",1336157612968
started,bundle,org.eclipse.equinox.p2.directorywatcher,1.0.202.R36x_v20100727,"org.eclipse.equinox.p2.directorywatcher",1336157612969
started,bundle,org.eclipse.equinox.p2.engine,2.0.0.v20100606,"org.eclipse.equinox.p2.engine",1336157612969
started,bundle,org.eclipse.equinox.p2.metadata,2.0.0.v20100601,"org.eclipse.equinox.p2.metadata",1336157612970
started,bundle,org.eclipse.equinox.p2.metadata.repository,1.1.0.v20100513,"org.eclipse.equinox.p2.metadata.repository",1336157612971
started,bundle,org.eclipse.equinox.p2.operations,2.0.0.v20100510,"org.eclipse.equinox.p2.operations",1336157612971
started,bundle,org.eclipse.equinox.p2.reconciler.dropins,1.1.0.v20100525,"org.eclipse.equinox.p2.reconciler.dropins",1336157612972
started,bundle,org.eclipse.equinox.p2.repository,2.0.1.R36x_v20100823,"org.eclipse.equinox.p2.repository",1336157612973
started,bundle,org.eclipse.equinox.p2.ui.sdk.scheduler,1.0.0.v20100507-1815,"org.eclipse.equinox.p2.ui.sdk.scheduler",1336157612974
started,bundle,org.eclipse.equinox.p2.updatechecker,1.1.101.R36x_v20100823,"org.eclipse.equinox.p2.updatechecker",1336157612975
started,bundle,org.eclipse.equinox.preferences,3.3.0.v20100503,"org.eclipse.equinox.preferences",1336157612976
started,bundle,org.eclipse.equinox.registry,3.5.0.v20100503,"org.eclipse.equinox.registry",1336157612978
started,bundle,org.eclipse.equinox.security,1.0.200.v20100503,"org.eclipse.equinox.security",1336157612978
started,bundle,org.eclipse.equinox.util,1.0.200.v20100503,"org.eclipse.equinox.util",1336157612979
started,bundle,org.eclipse.help,3.5.0.v20100524,"org.eclipse.help",1336157612980
started,bundle,org.eclipse.jdt.core,3.6.1.v_A68_R36x,"org.eclipse.jdt.core",1336157612981
started,bundle,org.eclipse.jdt.core.manipulation,1.3.0.v20100520-0800,"org.eclipse.jdt.core.manipulation",1336157612982
started,bundle,org.eclipse.jdt.ui,3.6.1.r361_v20100825-0800,"org.eclipse.jdt.ui",1336157612984
started,bundle,org.eclipse.jem.util,2.1.2.v201008120100,"org.eclipse.jem.util",1336157612985
started,bundle,org.eclipse.jface,3.6.1.M20100825-0800,"org.eclipse.jface",1336157612986
started,bundle,org.eclipse.jsch.core,1.1.200.I20100505-1245,"org.eclipse.jsch.core",1336157612986
started,bundle,org.eclipse.jst.j2ee.webservice,1.1.400.v201004110600,"org.eclipse.jst.j2ee.webservice",1336157612987
started,bundle,org.eclipse.jst.j2ee.webservice.ui,1.1.400.v201004110600,"org.eclipse.jst.j2ee.webservice.ui",1336157612987
started,bundle,org.eclipse.jst.ws.jaxws.utils,1.0.0.v201004171919,"org.eclipse.jst.ws.jaxws.utils",1336157612988
started,bundle,org.eclipse.mylyn.bugzilla.core,3.4.2.v20100902-0100-e3x,"org.eclipse.mylyn.bugzilla.core",1336157612988
started,bundle,org.eclipse.mylyn.bugzilla.ui,3.4.2.v20100909-0100-e3x,"org.eclipse.mylyn.bugzilla.ui",1336157612988
started,bundle,org.eclipse.mylyn.commons.net,3.4.1.v20100625-2100-e3x,"org.eclipse.mylyn.commons.net",1336157612989
started,bundle,org.eclipse.mylyn.commons.ui,3.4.0.v20100608-0100-e3x,"org.eclipse.mylyn.commons.ui",1336157612989
started,bundle,org.eclipse.mylyn.context.core,3.4.1.v20100909-0100-e3x,"org.eclipse.mylyn.context.core",1336157612989
started,bundle,org.eclipse.mylyn.context.ui,3.4.1.v20100909-0100-e3x,"org.eclipse.mylyn.context.ui",1336157612990
started,bundle,org.eclipse.mylyn.monitor.ui,3.4.0.v20100608-0100-e3x,"org.eclipse.mylyn.monitor.ui",1336157612990
started,bundle,org.eclipse.mylyn.tasks.ui,3.4.2.v20100902-0100-e3x,"org.eclipse.mylyn.tasks.ui",1336157612991
started,bundle,org.eclipse.mylyn.team.ui,3.4.2.v20100909-0100-e3x,"org.eclipse.mylyn.team.ui",1336157612991
started,bundle,org.eclipse.team.core,3.5.100.R36x_v20100825-0800,"org.eclipse.team.core",1336157612992
started,bundle,org.eclipse.team.cvs.core,3.3.300.I20100526-0800,"org.eclipse.team.cvs.core",1336157612992
started,bundle,org.eclipse.team.cvs.ui,3.3.301.R36x_v20100825-0800,"org.eclipse.team.cvs.ui",1336157612993
started,bundle,org.eclipse.team.ui,3.5.101.R36x_v20100825-0800,"org.eclipse.team.ui",1336157612993
started,bundle,org.eclipse.ui,3.6.1.M20100826-1330,"org.eclipse.ui",1336157612994
started,bundle,org.eclipse.ui.console,3.5.0.v20100526,"org.eclipse.ui.console",1336157612995
started,bundle,org.eclipse.ui.editors,3.6.1.r361_v20100825-0800,"org.eclipse.ui.editors",1336157612995
started,bundle,org.eclipse.ui.forms,3.5.2.r36_v20100702,"org.eclipse.ui.forms",1336157612996
started,bundle,org.eclipse.ui.ide,3.6.1.M20100825-0800,"org.eclipse.ui.ide",1336157612997
started,bundle,org.eclipse.ui.navigator,3.5.0.I20100601-0800,"org.eclipse.ui.navigator",1336157612997
started,bundle,org.eclipse.ui.navigator.resources,3.4.201.M20100707-0800,"org.eclipse.ui.navigator.resources",1336157612998
started,bundle,org.eclipse.ui.net,1.2.100.I20100505-1245,"org.eclipse.ui.net",1336157612998
started,bundle,org.eclipse.ui.views,3.5.0.I20100527-0800,"org.eclipse.ui.views",1336157612998
started,bundle,org.eclipse.ui.workbench,3.6.1.M20100826-1330,"org.eclipse.ui.workbench",1336157612999
started,bundle,org.eclipse.ui.workbench.texteditor,3.6.1.r361_v20100714-0800,"org.eclipse.ui.workbench.texteditor",1336157613000
started,bundle,org.eclipse.update.configurator,3.3.100.v20100512,"org.eclipse.update.configurator",1336157613000
started,bundle,org.eclipse.update.core,3.2.402.R36x_v20100629,"org.eclipse.update.core",1336157613001
started,bundle,org.eclipse.update.scheduler,3.2.300.v20100512,"org.eclipse.update.scheduler",1336157613001
started,bundle,org.eclipse.wst.common.emf,1.2.1.v201008260500,"org.eclipse.wst.common.emf",1336157613001
started,bundle,org.eclipse.wst.common.emfworkbench.integration,1.2.2.v201008242000,"org.eclipse.wst.common.emfworkbench.integration",1336157613002
started,bundle,org.eclipse.wst.common.frameworks,1.2.0.v201003040800,"org.eclipse.wst.common.frameworks",1336157613002
started,bundle,org.eclipse.wst.common.project.facet.core,1.4.102.v201008170019,"org.eclipse.wst.common.project.facet.core",1336157613003
started,bundle,org.eclipse.wst.jsdt.core,1.1.2.v201009011528,"org.eclipse.wst.jsdt.core",1336157613003
started,bundle,org.eclipse.wst.jsdt.manipulation,1.0.200.v201004150600,"org.eclipse.wst.jsdt.manipulation",1336157613004
started,bundle,org.eclipse.wst.jsdt.ui,1.1.2.v201009010353,"org.eclipse.wst.jsdt.ui",1336157613005
started,bundle,org.eclipse.wst.server.core,1.1.204.v20100908,"org.eclipse.wst.server.core",1336157613006
started,bundle,org.eclipse.wst.server.ui,1.1.205.v20100908,"org.eclipse.wst.server.ui",1336157613006
started,bundle,org.eclipse.wst.web,1.1.401.v201007151900,"org.eclipse.wst.web",1336157613006
started,bundle,com.perforce.team.core,2010.1.275861,"com.perforce.team.core",1336157613006
started,bundle,com.perforce.team.ui,2010.1.275861,"com.perforce.team.ui",1336157613007
os,sysinfo,,,"win32",1336157613012
arch,sysinfo,,,"x86_64",1336157613012
ws,sysinfo,,,"win32",1336157613012
locale,sysinfo,,,"en_US",1336157613012
processors,sysinfo,,,"4",1336157613012
java.runtime.name,sysinfo,,,"Java(TM) SE Runtime Environment",1336157613012
java.runtime.version,sysinfo,,,"1.6.0_27-b07",1336157613012
java.specification.name,sysinfo,,,"Java Platform API Specification",1336157613012
java.specification.vendor,sysinfo,,,"Sun Microsystems Inc.",1336157613012
java.specification.version,sysinfo,,,"1.6",1336157613012
java.vendor,sysinfo,,,"Sun Microsystems Inc.",1336157613012
java.version,sysinfo,,,"1.6.0_27",1336157613012
java.vm.info,sysinfo,,,"mixed mode",1336157613012
java.vm.name,sysinfo,,,"Java HotSpot(TM) 64-Bit Server VM",1336157613012
java.vm.specification.name,sysinfo,,,"Java Virtual Machine Specification",1336157613012
java.vm.specification.vendor,sysinfo,,,"Sun Microsystems Inc.",1336157613012
java.vm.specification.version,sysinfo,,,"1.0",1336157613012
java.vm.vendor,sysinfo,,,"Sun Microsystems Inc.",1336157613012
java.vm.version,sysinfo,,,"20.2-b06",1336157613012
deactivated,workbench,org.eclipse.ui.workbench,3.6.1.M20100826-1330,"",1336157615309
started,bundle,org.eclipse.wst.server.preview.adapter,1.1.0.v20090311b,"org.eclipse.wst.server.preview.adapter",1336157615363
started,bundle,org.eclipse.jst.server.core,1.2.101.v20100421,"org.eclipse.jst.server.core",1336157621668
started,bundle,org.eclipse.jst.server.generic.core,1.0.606.v20100512,"org.eclipse.jst.server.generic.core",1336157621672
started,bundle,org.eclipse.jst.server.generic.ui,1.0.505.v20100428,"org.eclipse.jst.server.generic.ui",1336157621828
started,bundle,org.eclipse.jdt.launching,3.5.100.v20100526,"org.eclipse.jdt.launching",1336157621998
executed,command,org.eclipse.ui,3.6.1.M20100826-1330,"org.eclipse.ui.edit.paste",1336157627491
started,bundle,org.eclipse.wst.common.core,1.2.0.v200908252030,"org.eclipse.wst.common.core",1336157637598
started,bundle,org.eclipse.wst.common.modulecore,1.2.3.v201008242000,"org.eclipse.wst.common.modulecore",1336157637601
started,bundle,org.eclipse.jst.j2ee.core,1.2.2.v201008120100,"org.eclipse.jst.j2ee.core",1336157637606
started,bundle,org.eclipse.jem,2.0.400.v201005110200,"org.eclipse.jem",1336157637615
started,bundle,org.eclipse.wst.common.frameworks.ui,1.2.0.v201004080500,"org.eclipse.wst.common.frameworks.ui",1336157637628
started,bundle,org.eclipse.wst.xml.core,1.1.502.v201009010342,"org.eclipse.wst.xml.core",1336157637647
started,bundle,org.eclipse.wst.validation,1.2.200.v201005271900,"org.eclipse.wst.validation",1336157637648
started,bundle,org.eclipse.jst.j2ee,1.1.402.v201009151730,"org.eclipse.jst.j2ee",1336157637668
started,bundle,org.eclipse.jst.jee,1.0.301.v201007151900,"org.eclipse.jst.jee",1336157637669
activated,workbench,org.eclipse.ui.workbench,3.6.1.M20100826-1330,"",1336157641252
activated,view,org.eclipse.ui.navigator.resources,3.4.201.M20100707-0800,"org.eclipse.ui.navigator.ProjectExplorer",1336157643367
started,bundle,org.eclipse.wst.common.project.facet.ui,1.4.102.v201008170019,"org.eclipse.wst.common.project.facet.ui",1336157646648
started,bundle,org.eclipse.wst.web.ui,1.1.400.v201004141630,"org.eclipse.wst.web.ui",1336157646650
started,bundle,org.eclipse.jst.servlet.ui,1.1.402.v201008261918,"org.eclipse.jst.servlet.ui",1336157646653
started,bundle,org.eclipse.jst.common.project.facet.core,1.4.102.v201008182136,"org.eclipse.jst.common.project.facet.core",1336157646710
started,bundle,org.eclipse.jst.ws.jaxrs.core,1.0.200.v201008201800,"org.eclipse.jst.ws.jaxrs.core",1336157646712
started,bundle,org.eclipse.jst.j2ee.web,1.1.402.v201008242000,"org.eclipse.jst.j2ee.web",1336157646742
started,bundle,org.eclipse.jst.common.frameworks,1.1.402.v201009081300,"org.eclipse.jst.common.frameworks",1336157646750
started,bundle,org.eclipse.jst.j2ee.ui,1.1.402.v201009080200,"org.eclipse.jst.j2ee.ui",1336157646789
started,bundle,org.eclipse.jst.common.project.facet.ui,1.4.102.v201008182136,"org.eclipse.jst.common.project.facet.ui",1336157646846
deactivated,workbench,org.eclipse.ui.workbench,3.6.1.M20100826-1330,"",1336157646926
started,bundle,org.eclipse.jpt.core,2.3.2.v201008252310,"org.eclipse.jpt.core",1336157714751
started,bundle,org.eclipse.jst.jsf.common,1.2.1.v20100827,"org.eclipse.jst.jsf.common",1336157714832
started,bundle,org.eclipse.jst.jsf.core,1.3.2.v20100906,"org.eclipse.jst.jsf.core",1336157714840
started,bundle,org.eclipse.jem.workbench,2.0.300.v200910290230,"org.eclipse.jem.workbench",1336157715046
started,bundle,org.eclipse.jst.j2ee.ejb,1.1.401.v201007150400,"org.eclipse.jst.j2ee.ejb",1336157715332
started,bundle,org.eclipse.jst.j2ee.jca,1.1.400.v201005270700,"org.eclipse.jst.j2ee.jca",1336157715357
started,bundle,org.eclipse.jst.jee.ejb,1.0.301.v201007070821,"org.eclipse.jst.jee.ejb",1336157715392
started,bundle,org.eclipse.jst.jee.web,1.0.301.v201007070907,"org.eclipse.jst.jee.web",1336157715425
started,bundle,org.eclipse.xsd,2.6.0.v20100914-1218,"org.eclipse.xsd",1336157715499
started,bundle,org.eclipse.jst.jee.ui,1.0.302.v201009011600,"org.eclipse.jst.jee.ui",1336157717077
started,bundle,org.eclipse.wst.common.ui,1.1.500.v200911190730,"org.eclipse.wst.common.ui",1336157717165
started,bundle,org.eclipse.jst.j2ee.navigator.ui,1.1.402.v201009081300,"org.eclipse.jst.j2ee.navigator.ui",1336157717166
activated,workbench,org.eclipse.ui.workbench,3.6.1.M20100826-1330,"",1336157720909
started,bundle,org.eclipse.wst.sse.core,1.1.502.v201008311901,"org.eclipse.wst.sse.core",1336157721615
started,bundle,org.eclipse.pde.core,3.6.1.v20100902_r361,"org.eclipse.pde.core",1336157721659
started,bundle,org.eclipse.jdt.apt.core,3.3.401.R36_v20100727-0110,"org.eclipse.jdt.apt.core",1336157722551
started,bundle,org.eclipse.jdt.apt.pluggable.core,1.0.301.R36_v20100727-0110,"org.eclipse.jdt.apt.pluggable.core",1336157722556
started,bundle,org.eclipse.wst.dtd.core,1.1.400.v201004290328,"org.eclipse.wst.dtd.core",1336157723109
started,bundle,org.eclipse.wst.sse.ui,1.2.2.v201008232126,"org.eclipse.wst.sse.ui",1336157723221
started,bundle,org.eclipse.wst.html.ui,1.0.502.v201009010342,"org.eclipse.wst.html.ui",1336157723222
started,bundle,org.eclipse.jst.jsp.core,1.2.302.v201008251735,"org.eclipse.jst.jsp.core",1336157723326
started,bundle,org.eclipse.wst.wsdl.validation,1.1.501.v201004201506,"org.eclipse.wst.wsdl.validation",1336157723487
started,bundle,org.eclipse.jst.ws.jaxws.dom.integration,1.0.0.v201004171919,"org.eclipse.jst.ws.jaxws.dom.integration",1336157723499
started,bundle,org.eclipse.jst.ws.jaxws.dom.ui,1.0.0.v201004171919,"org.eclipse.jst.ws.jaxws.dom.ui",1336157723500
started,bundle,org.eclipse.wst.xsd.core,1.1.502.v201008201521,"org.eclipse.wst.xsd.core",1336157723529
started,bundle,org.eclipse.wst.xsl.core,1.1.0.v201004290328,"org.eclipse.wst.xsl.core",1336157723562
started,bundle,org.eclipse.wst.common.uriresolver,1.1.401.v201004280700,"org.eclipse.wst.common.uriresolver",1336157723645
started,bundle,org.eclipse.wst.xsl.exslt.core,1.0.0.v201005240426,"org.eclipse.wst.xsl.exslt.core",1336157723684
started,bundle,org.eclipse.wst.internet.cache,1.0.400.v201004280700,"org.eclipse.wst.internet.cache",1336157724092
deactivated,workbench,org.eclipse.ui.workbench,3.6.1.M20100826-1330,"",1336157753271
activated,workbench,org.eclipse.ui.workbench,3.6.1.M20100826-1330,"",1336157755419
deactivated,workbench,org.eclipse.ui.workbench,3.6.1.M20100826-1330,"",1336157757918
activated,workbench,org.eclipse.ui.workbench,3.6.1.M20100826-1330,"",1336157759742
deactivated,workbench,org.eclipse.ui.workbench,3.6.1.M20100826-1330,"",1336157761467
activated,workbench,org.eclipse.ui.workbench,3.6.1.M20100826-1330,"",1336158061240
deactivated,workbench,org.eclipse.ui.workbench,3.6.1.M20100826-1330,"",1336158063468
activated,workbench,org.eclipse.ui.workbench,3.6.1.M20100826-1330,"",1336158138099
